path,exists,size_bytes,sha256
output/source_consistent_ckm_crossed120/summary.json,True,214230,fa2afc860012a41284e81330c775ac03f68c850c23cfae36e2ee87c044f26bd6
output/crossed_120_triplet_projector/summary.json,True,16096,e4a418bccf44636d452e0af16afae88dafd881e0d26b9439aa93a5592bb594f4
output/crossed120_action_level_source_symmetry/summary.json,True,13254,687e352333b73a03038dd1b25bc4475c68466363028bdc8cb31718a975af26c5
output/unitary_link_dterm_quotient/summary.json,True,4484,52300e9f1cc49b34d9d077eb98a5fb185225322315ac60063f2006fe7225c419
output/hidden_radial_lock_sector/summary.json,True,6118,eb0668d9378cdb40d185974e7b83ad9e53eae04a695be7b703fac99324b371ea
output/endpoint_vectorlike_completion/summary.json,True,10219,9e4c57b7e88db7caa89f978d0016bb62f4022ab50e933305efe13a665f8752cb
output/locked_link_full_flavor_d5_card/locked_link_full_flavor_d5_card.json,True,26985,a808b6a1d6b2f0ccf0b8830d01d20967b3b2b924ed94d81d05b18a0587885c9a
output/full_flavor_d5_pipeline/summary.json,True,8087,7beab9ea69195c2bb01a2f59dff38fa8b74960a254f649423d5270c68808864a
output/conditional_theorem_ledger/summary.json,True,1353,ecf3728da158fb3bffb59c77d3ad8d34dcb6ca149a38150f257fc98a047b9a35
output/two_kernel_flavor_then_d5/summary.json,True,38102,818d1f542be5cd7e8cead129e0b9ff8a9c0e07e2158fc5a47d4a2b7b6482fadf
